

SELECT * FROM t_role ;
SELECT * FROM t_role_action ;
SELECT * FROM t_role_authority ;

select * from t_group;
select * from t_user;
SHOW CREATE TABLE t_user ;
select * from t_source;

update t_user set USER_NAME = 'CUS' WHERE USER_NAME = 'Tom' ;
DELETE FROM t_role_action  WHERE MENU_SEQ LIKE 'R%' ;
DELETE FROM t_role_authority WHERE MENU_SEQ LIKE 'R%' ;

--        t_role_action 

DELETE FROM t_role_action WHERE MENU_SEQ LIKE 'G%' OR MENU_SEQ LIKE 'M%' OR MENU_SEQ LIKE 'S%' ;

INSERT INTO t_role_action(MENU_SEQ, ROLE_ACTION_URL, ROLE_ACTION_NAME, DISPLAY_ORDER, PARENT_MENU_SEQ, UPDATE_STAFF_ID, INPUT_STAFF_ID, ACTIVE_FLAG, INPUT_DATE, UPDATE_DATE) 
    VALUES('S001', '(soldier.do)', '发兵', 1, NULL, 'INIT', 'INIT', 1, CURRENT_TIMESTAMP, CURRENT_TIMESTAMP) ;
INSERT INTO t_role_action(MENU_SEQ, ROLE_ACTION_URL, ROLE_ACTION_NAME, DISPLAY_ORDER, PARENT_MENU_SEQ, UPDATE_STAFF_ID, INPUT_STAFF_ID, ACTIVE_FLAG, INPUT_DATE, UPDATE_DATE) 
    VALUES('S00101', '(soldier_source_add_display.do)', '添加发兵信息', 1, 'S001', 'INIT', 'INIT', 1, CURRENT_TIMESTAMP, CURRENT_TIMESTAMP) ;
INSERT INTO t_role_action(MENU_SEQ, ROLE_ACTION_URL, ROLE_ACTION_NAME, DISPLAY_ORDER, PARENT_MENU_SEQ, UPDATE_STAFF_ID, INPUT_STAFF_ID, ACTIVE_FLAG, INPUT_DATE, UPDATE_DATE) 
    VALUES('S00102', '(soldier_source_update_display.do)', '修改发兵信息', 2, 'S001', 'INIT', 'INIT', 1, CURRENT_TIMESTAMP, CURRENT_TIMESTAMP) ;
INSERT INTO t_role_action(MENU_SEQ, ROLE_ACTION_URL, ROLE_ACTION_NAME, DISPLAY_ORDER, PARENT_MENU_SEQ, UPDATE_STAFF_ID, INPUT_STAFF_ID, ACTIVE_FLAG, INPUT_DATE, UPDATE_DATE) 
    VALUES('S00103', '(soldier_source_query_display.do)', '查询发兵信息', 3, 'S001', 'INIT', 'INIT', 1, CURRENT_TIMESTAMP, CURRENT_TIMESTAMP) ;
INSERT INTO t_role_action(MENU_SEQ, ROLE_ACTION_URL, ROLE_ACTION_NAME, DISPLAY_ORDER, PARENT_MENU_SEQ, UPDATE_STAFF_ID, INPUT_STAFF_ID, ACTIVE_FLAG, INPUT_DATE, UPDATE_DATE) 
    VALUES('S00104', '(soldier_source_approve_display.do)', '审批发兵信息', 4, 'S001', 'INIT', 'INIT', 1, CURRENT_TIMESTAMP, CURRENT_TIMESTAMP) ;
INSERT INTO t_role_action(MENU_SEQ, ROLE_ACTION_URL, ROLE_ACTION_NAME, DISPLAY_ORDER, PARENT_MENU_SEQ, UPDATE_STAFF_ID, INPUT_STAFF_ID, ACTIVE_FLAG, INPUT_DATE, UPDATE_DATE) 
    VALUES('S00105', '(soldier_add_display.do)', '增加发兵兵种', 5, 'S001', 'INIT', 'INIT', 1, CURRENT_TIMESTAMP, CURRENT_TIMESTAMP) ;
INSERT INTO t_role_action(MENU_SEQ, ROLE_ACTION_URL, ROLE_ACTION_NAME, DISPLAY_ORDER, PARENT_MENU_SEQ, UPDATE_STAFF_ID, INPUT_STAFF_ID, ACTIVE_FLAG, INPUT_DATE, UPDATE_DATE) 
    VALUES('S00106', '(soldier_query_display.do)', '查询发兵兵种', 6, 'S001', 'INIT', 'INIT', 1, CURRENT_TIMESTAMP, CURRENT_TIMESTAMP) ;


    
INSERT INTO t_role_action(MENU_SEQ, ROLE_ACTION_URL, ROLE_ACTION_NAME, DISPLAY_ORDER, PARENT_MENU_SEQ, UPDATE_STAFF_ID, INPUT_STAFF_ID, ACTIVE_FLAG, INPUT_DATE, UPDATE_DATE) 
    VALUES('S0010101', '(soldier_source_add.do)', '添加发兵信息', 1, 'S001', 'INIT', 'INIT', 1, CURRENT_TIMESTAMP, CURRENT_TIMESTAMP) ;
INSERT INTO t_role_action(MENU_SEQ, ROLE_ACTION_URL, ROLE_ACTION_NAME, DISPLAY_ORDER, PARENT_MENU_SEQ, UPDATE_STAFF_ID, INPUT_STAFF_ID, ACTIVE_FLAG, INPUT_DATE, UPDATE_DATE) 
    VALUES('S0010301', '(soldier_source_query.do)', '添加发兵信息', 1, 'S001', 'INIT', 'INIT', 1, CURRENT_TIMESTAMP, CURRENT_TIMESTAMP) ;


INSERT INTO t_role_action(MENU_SEQ, ROLE_ACTION_URL, ROLE_ACTION_NAME, DISPLAY_ORDER, PARENT_MENU_SEQ, UPDATE_STAFF_ID, INPUT_STAFF_ID, ACTIVE_FLAG, INPUT_DATE, UPDATE_DATE) 
    VALUES('M001', '(member.do)', '会员', 2, NULL, 'INIT', 'INIT', 1, CURRENT_TIMESTAMP, CURRENT_TIMESTAMP) ;
INSERT INTO t_role_action(MENU_SEQ, ROLE_ACTION_URL, ROLE_ACTION_NAME, DISPLAY_ORDER, PARENT_MENU_SEQ, UPDATE_STAFF_ID, INPUT_STAFF_ID, ACTIVE_FLAG, INPUT_DATE, UPDATE_DATE) 
    VALUES('M00101', '(member_add_display.do)', '添加会员', 1, 'M001', 'INIT', 'INIT', 1, CURRENT_TIMESTAMP, CURRENT_TIMESTAMP) ;
INSERT INTO t_role_action(MENU_SEQ, ROLE_ACTION_URL, ROLE_ACTION_NAME, DISPLAY_ORDER, PARENT_MENU_SEQ, UPDATE_STAFF_ID, INPUT_STAFF_ID, ACTIVE_FLAG, INPUT_DATE, UPDATE_DATE) 
    VALUES('M00102', '(member_update_display.do)', '修改会员', 2, 'M001', 'INIT', 'INIT', 1, CURRENT_TIMESTAMP, CURRENT_TIMESTAMP) ;
INSERT INTO t_role_action(MENU_SEQ, ROLE_ACTION_URL, ROLE_ACTION_NAME, DISPLAY_ORDER, PARENT_MENU_SEQ, UPDATE_STAFF_ID, INPUT_STAFF_ID, ACTIVE_FLAG, INPUT_DATE, UPDATE_DATE) 
    VALUES('M00103', '(member_query_display.do)', '查询会员', 3, 'M001', 'INIT', 'INIT', 1, CURRENT_TIMESTAMP, CURRENT_TIMESTAMP) ;


INSERT INTO t_role_action(MENU_SEQ, ROLE_ACTION_URL, ROLE_ACTION_NAME, DISPLAY_ORDER, PARENT_MENU_SEQ, UPDATE_STAFF_ID, INPUT_STAFF_ID, ACTIVE_FLAG, INPUT_DATE, UPDATE_DATE) 
    VALUES('G001', '(gem.do)', '宝石', 3, NULL, 'INIT', 'INIT', 1, CURRENT_TIMESTAMP, CURRENT_TIMESTAMP) ;
INSERT INTO t_role_action(MENU_SEQ, ROLE_ACTION_URL, ROLE_ACTION_NAME, DISPLAY_ORDER, PARENT_MENU_SEQ, UPDATE_STAFF_ID, INPUT_STAFF_ID, ACTIVE_FLAG, INPUT_DATE, UPDATE_DATE) 
    VALUES('G00101', '(gem_add_display.do)', '添加宝石', 1, 'G001', 'INIT', 'INIT', 1, CURRENT_TIMESTAMP, CURRENT_TIMESTAMP) ;
INSERT INTO t_role_action(MENU_SEQ, ROLE_ACTION_URL, ROLE_ACTION_NAME, DISPLAY_ORDER, PARENT_MENU_SEQ, UPDATE_STAFF_ID, INPUT_STAFF_ID, ACTIVE_FLAG, INPUT_DATE, UPDATE_DATE) 
    VALUES('G00102', '(gem_update_display.do)', '修改宝石', 2, 'G001', 'INIT', 'INIT', 1, CURRENT_TIMESTAMP, CURRENT_TIMESTAMP) ;
INSERT INTO t_role_action(MENU_SEQ, ROLE_ACTION_URL, ROLE_ACTION_NAME, DISPLAY_ORDER, PARENT_MENU_SEQ, UPDATE_STAFF_ID, INPUT_STAFF_ID, ACTIVE_FLAG, INPUT_DATE, UPDATE_DATE) 
    VALUES('G00103', '(gem_query_display.do)', '查询宝石', 3, 'G001', 'INIT', 'INIT', 1, CURRENT_TIMESTAMP, CURRENT_TIMESTAMP) ;





-- t_role_authority

SELECT * FROM t_role_authority ;


INSERT INTO t_role_authority(ROLE_ID, MENU_SEQ, SELECTED_FLAG, UPDATE_STAFF_ID, INPUT_STAFF_ID, ACTIVE_FLAG, INPUT_DATE, UPDATE_DATE) 
    VALUES(1, 'S001', 1, 'INIT', 'INIT', 1, CURRENT_TIMESTAMP, CURRENT_TIMESTAMP) ;
INSERT INTO t_role_authority(ROLE_ID, MENU_SEQ, SELECTED_FLAG, UPDATE_STAFF_ID, INPUT_STAFF_ID, ACTIVE_FLAG, INPUT_DATE, UPDATE_DATE) 
    VALUES(1, 'S00101', 1, 'INIT', 'INIT', 1, CURRENT_TIMESTAMP, CURRENT_TIMESTAMP) ;
INSERT INTO t_role_authority(ROLE_ID, MENU_SEQ, SELECTED_FLAG, UPDATE_STAFF_ID, INPUT_STAFF_ID, ACTIVE_FLAG, INPUT_DATE, UPDATE_DATE) 
    VALUES(1, 'S00102', 1, 'INIT', 'INIT', 1, CURRENT_TIMESTAMP, CURRENT_TIMESTAMP) ;
INSERT INTO t_role_authority(ROLE_ID, MENU_SEQ, SELECTED_FLAG, UPDATE_STAFF_ID, INPUT_STAFF_ID, ACTIVE_FLAG, INPUT_DATE, UPDATE_DATE) 
    VALUES(1, 'S00103', 1, 'INIT', 'INIT', 1, CURRENT_TIMESTAMP, CURRENT_TIMESTAMP) ;
INSERT INTO t_role_authority(ROLE_ID, MENU_SEQ, SELECTED_FLAG, UPDATE_STAFF_ID, INPUT_STAFF_ID, ACTIVE_FLAG, INPUT_DATE, UPDATE_DATE) 
    VALUES(1, 'S00104', 1, 'INIT', 'INIT', 1, CURRENT_TIMESTAMP, CURRENT_TIMESTAMP) ;
INSERT INTO t_role_authority(ROLE_ID, MENU_SEQ, SELECTED_FLAG, UPDATE_STAFF_ID, INPUT_STAFF_ID, ACTIVE_FLAG, INPUT_DATE, UPDATE_DATE) 
    VALUES(1, 'S00105', 1, 'INIT', 'INIT', 1, CURRENT_TIMESTAMP, CURRENT_TIMESTAMP) ;
INSERT INTO t_role_authority(ROLE_ID, MENU_SEQ, SELECTED_FLAG, UPDATE_STAFF_ID, INPUT_STAFF_ID, ACTIVE_FLAG, INPUT_DATE, UPDATE_DATE) 
    VALUES(1, 'S00106', 1, 'INIT', 'INIT', 1, CURRENT_TIMESTAMP, CURRENT_TIMESTAMP) ;


INSERT INTO t_role_authority(ROLE_ID, MENU_SEQ, SELECTED_FLAG, UPDATE_STAFF_ID, INPUT_STAFF_ID, ACTIVE_FLAG, INPUT_DATE, UPDATE_DATE) 
    VALUES(1, 'M001', 1, 'INIT', 'INIT', 1, CURRENT_TIMESTAMP, CURRENT_TIMESTAMP) ;
INSERT INTO t_role_authority(ROLE_ID, MENU_SEQ, SELECTED_FLAG, UPDATE_STAFF_ID, INPUT_STAFF_ID, ACTIVE_FLAG, INPUT_DATE, UPDATE_DATE) 
    VALUES(1, 'M00101', 1, 'INIT', 'INIT', 1, CURRENT_TIMESTAMP, CURRENT_TIMESTAMP) ;
INSERT INTO t_role_authority(ROLE_ID, MENU_SEQ, SELECTED_FLAG, UPDATE_STAFF_ID, INPUT_STAFF_ID, ACTIVE_FLAG, INPUT_DATE, UPDATE_DATE) 
    VALUES(1, 'M00102', 1, 'INIT', 'INIT', 1, CURRENT_TIMESTAMP, CURRENT_TIMESTAMP) ;
INSERT INTO t_role_authority(ROLE_ID, MENU_SEQ, SELECTED_FLAG, UPDATE_STAFF_ID, INPUT_STAFF_ID, ACTIVE_FLAG, INPUT_DATE, UPDATE_DATE) 
    VALUES(1, 'M00103', 1, 'INIT', 'INIT', 1, CURRENT_TIMESTAMP, CURRENT_TIMESTAMP) ;


INSERT INTO t_role_authority(ROLE_ID, MENU_SEQ, SELECTED_FLAG, UPDATE_STAFF_ID, INPUT_STAFF_ID, ACTIVE_FLAG, INPUT_DATE, UPDATE_DATE) 
    VALUES(1, 'G001', 1, 'INIT', 'INIT', 1, CURRENT_TIMESTAMP, CURRENT_TIMESTAMP) ;
INSERT INTO t_role_authority(ROLE_ID, MENU_SEQ, SELECTED_FLAG, UPDATE_STAFF_ID, INPUT_STAFF_ID, ACTIVE_FLAG, INPUT_DATE, UPDATE_DATE) 
    VALUES(1, 'G00101', 1, 'INIT', 'INIT', 1, CURRENT_TIMESTAMP, CURRENT_TIMESTAMP) ;
INSERT INTO t_role_authority(ROLE_ID, MENU_SEQ, SELECTED_FLAG, UPDATE_STAFF_ID, INPUT_STAFF_ID, ACTIVE_FLAG, INPUT_DATE, UPDATE_DATE) 
    VALUES(1, 'G00102', 1, 'INIT', 'INIT', 1, CURRENT_TIMESTAMP, CURRENT_TIMESTAMP) ;
INSERT INTO t_role_authority(ROLE_ID, MENU_SEQ, SELECTED_FLAG, UPDATE_STAFF_ID, INPUT_STAFF_ID, ACTIVE_FLAG, INPUT_DATE, UPDATE_DATE) 
    VALUES(1, 'G00103', 1, 'INIT', 'INIT', 1, CURRENT_TIMESTAMP, CURRENT_TIMESTAMP) ;



--==--==

INSERT INTO t_role_authority(ROLE_ID, MENU_SEQ, SELECTED_FLAG, UPDATE_STAFF_ID, INPUT_STAFF_ID, ACTIVE_FLAG, INPUT_DATE, UPDATE_DATE) 
    VALUES(2, 'S001', 1, 'INIT', 'INIT', 1, CURRENT_TIMESTAMP, CURRENT_TIMESTAMP) ;
INSERT INTO t_role_authority(ROLE_ID, MENU_SEQ, SELECTED_FLAG, UPDATE_STAFF_ID, INPUT_STAFF_ID, ACTIVE_FLAG, INPUT_DATE, UPDATE_DATE) 
    VALUES(2, 'S00101', 1, 'INIT', 'INIT', 1, CURRENT_TIMESTAMP, CURRENT_TIMESTAMP) ;
INSERT INTO t_role_authority(ROLE_ID, MENU_SEQ, SELECTED_FLAG, UPDATE_STAFF_ID, INPUT_STAFF_ID, ACTIVE_FLAG, INPUT_DATE, UPDATE_DATE) 
    VALUES(2, 'S00102', 1, 'INIT', 'INIT', 1, CURRENT_TIMESTAMP, CURRENT_TIMESTAMP) ;
INSERT INTO t_role_authority(ROLE_ID, MENU_SEQ, SELECTED_FLAG, UPDATE_STAFF_ID, INPUT_STAFF_ID, ACTIVE_FLAG, INPUT_DATE, UPDATE_DATE) 
    VALUES(2, 'S00103', 1, 'INIT', 'INIT', 1, CURRENT_TIMESTAMP, CURRENT_TIMESTAMP) ;

INSERT INTO t_role_authority(ROLE_ID, MENU_SEQ, SELECTED_FLAG, UPDATE_STAFF_ID, INPUT_STAFF_ID, ACTIVE_FLAG, INPUT_DATE, UPDATE_DATE) 
    VALUES(2, 'G001', 1, 'INIT', 'INIT', 1, CURRENT_TIMESTAMP, CURRENT_TIMESTAMP) ;
INSERT INTO t_role_authority(ROLE_ID, MENU_SEQ, SELECTED_FLAG, UPDATE_STAFF_ID, INPUT_STAFF_ID, ACTIVE_FLAG, INPUT_DATE, UPDATE_DATE) 
    VALUES(2, 'G00103', 1, 'INIT', 'INIT', 1, CURRENT_TIMESTAMP, CURRENT_TIMESTAMP) ;





DROP TABLE IF EXISTS `t_soldier`;

CREATE TABLE `t_soldier` (
  `SOLDIER_ID` int(4) NOT NULL auto_increment,
  `SOLDIER_NAME` varchar(20) NOT NULL,
  `SOLDIER_POINT` decimal(10,0) NOT NULL,
  `INPUT_STAFF_ID` varchar(10) default NULL,
  `UPDATE_STAFF_ID` varchar(10) default NULL,
  `INPUT_DATE` timestamp NOT NULL default CURRENT_TIMESTAMP on update CURRENT_TIMESTAMP,
  `UPDATE_DATE` timestamp NOT NULL,
  `ACTIVE_FLAG` int(1) default '1',
  PRIMARY KEY  (`SOLDIER_ID`),
  UNIQUE KEY `SOLDIER_NAME` (`SOLDIER_NAME`)
) ENGINE=InnoDB DEFAULT CHARSET=gb2312;

#
# Data for the `t_food` table  (LIMIT 0,500)
#




SELECT * FROM t_soldier ;



INSERT INTO `t_soldier` (`SOLDIER_ID`, `SOLDIER_NAME`, `SOLDIER_POINT`, `UPDATE_STAFF_ID`, `INPUT_STAFF_ID`,`INPUT_DATE`, `UPDATE_DATE`, `ACTIVE_FLAG`) VALUES
  (1,'枪盾',1, 'INIT', 'INIT',CURRENT_TIMESTAMP,CURRENT_TIMESTAMP,1),
  (2,'大刀',3, 'INIT', 'INIT',CURRENT_TIMESTAMP,CURRENT_TIMESTAMP,1),
  (3,'骑兵',9, 'INIT', 'INIT',CURRENT_TIMESTAMP,CURRENT_TIMESTAMP,1),
  (4,'重甲',50, 'INIT', 'INIT',CURRENT_TIMESTAMP,CURRENT_TIMESTAMP,1);






SELECT * FROM t_soldier_source ;
SHOW CREATE TABLE t_soldier_source;
SELECT * FROM t_user ;

#
# Structure for the `t_soldier_source` table :
#

DROP TABLE IF EXISTS `t_soldier_source`;

CREATE TABLE `t_soldier_source` (
  `SOURCE_ID` varchar(50) NOT NULL,
  `USER_ID` int(10) NOT NULL,
  `SOURCE_SOLDIER_ID` int(10) NOT NULL,
  `SOURCE_SOLDIER_COUNT` int(10) NOT NULL default '0',
  `KINGDOM_ID` int(10) NOT NULL,
  `SOURCE_SOLDIER_SUM_POINT` decimal(10,2) NOT NULL default '0.00',
  `APPROVED`  int(1) NOT NULL,
  `SOURCE_DATE` varchar(8) NOT NULL,
  `INPUT_STAFF_ID` varchar(50) NOT NULL,
  `UPDATE_STAFF_ID` varchar(50) NOT NULL,
  `INPUT_DATE` timestamp NOT NULL default CURRENT_TIMESTAMP on update CURRENT_TIMESTAMP,
  `UPDATE_DATE` timestamp NOT NULL,
  `ACTIVE_FLAG` int(1) NOT NULL,
  PRIMARY KEY  (`SOURCE_ID`)
) ENGINE=InnoDB DEFAULT CHARSET=gb2312;


DROP TABLE IF EXISTS `t_kingdom`;

CREATE TABLE `t_kingdom` (
  `KINGDOM_ID` int(10) NOT NULL auto_increment,
  `KINGDOM_NAME` varchar(30) NOT NULL,
  `INPUT_STAFF_ID` varchar(50) NOT NULL,
  `UPDATE_STAFF_ID` varchar(50) NOT NULL,
  `INPUT_DATE` timestamp NOT NULL default CURRENT_TIMESTAMP on update CURRENT_TIMESTAMP,
  `UPDATE_DATE` timestamp NOT NULL,
  `ACTIVE_FLAG` int(1) NOT NULL,
  PRIMARY KEY  (`KINGDOM_ID`)
) ENGINE=InnoDB DEFAULT CHARSET=gb2312;



INSERT INTO `t_kingdom` (`KINGDOM_ID`, `KINGDOM_NAME`, `INPUT_STAFF_ID`, `UPDATE_STAFF_ID`, `INPUT_DATE`,
`UPDATE_DATE`, `ACTIVE_FLAG`) VALUES
  (1,'齐国','INIT', 'INIT',CURRENT_TIMESTAMP,CURRENT_TIMESTAMP,1),
  (2,'楚国','INIT', 'INIT',CURRENT_TIMESTAMP,CURRENT_TIMESTAMP,1),
  (3,'燕国','INIT', 'INIT',CURRENT_TIMESTAMP,CURRENT_TIMESTAMP,1),
  (4,'韩国','INIT', 'INIT',CURRENT_TIMESTAMP,CURRENT_TIMESTAMP,1),
  (5,'赵国','INIT', 'INIT',CURRENT_TIMESTAMP,CURRENT_TIMESTAMP,1),
  (6,'魏国','INIT', 'INIT',CURRENT_TIMESTAMP,CURRENT_TIMESTAMP,1),
  (7,'秦国','INIT', 'INIT',CURRENT_TIMESTAMP,CURRENT_TIMESTAMP,1);



-- 修改 user 表

ALTER TABLE `t_user` ADD COLUMN USER_DISPLAY_NAME varchar(50) NOT NULL AFTER `USER_ROLE` ;
UPDATE t_user SET USER_DISPLAY_NAME = '傅红雪' WHERE USER_ID = 1;
UPDATE t_user SET USER_DISPLAY_NAME = '李寻欢' WHERE USER_ID = 2;
UPDATE t_user SET USER_DISPLAY_NAME = '慕容细雨' WHERE USER_ID = 3;

ALTER TABLE `t_user` ADD UNIQUE (USER_NAME,USER_DISPLAY_NAME);  

SHOW CREATE TABLE  t_user ;



INSERT INTO `t_user` (`USER_ID`, `USER_NAME`, `USER_PASSWORD`, `USER_DISPLAY_NAME`,`USER_ROLE`, `USER_PHOTO`, `USER_EMAIL`, `USER_MSN`, `USER_SKYPE`, `ACCOUNT_NON_EXPIRED`, `ACCOUNT_NON_LOCKED`, `CREDENTIALS_NON_EXPIRED`, `INPUT_USER_ID`, `INPUT_DATETIME`, `UPDATE_USER_ID`, `UPDATE_DATETIME`, `DELETED_FLAG`, `USER_DESC`) VALUES
  (1,'Mary','1111','傅红雪',2,NULL,NULL,NULL,NULL,0,1,1,1,'2007-09-10 01:27:02',NULL,'2006-01-02 00:00:00',0,NULL),
  (2,'Tom','2222','李寻欢',3,NULL,NULL,NULL,NULL,1,1,1,2,'2007-05-17 21:10:50',NULL,'2006-02-02 00:00:00',0,NULL),
  (3,'MEI','3333','慕容细雨',1,NULL,NULL,NULL,NULL,1,1,1,3,'2008-05-18 22:18:27',NULL,'2006-01-02 00:00:00',0,NULL);
  (4,'W','3333','白起',2,NULL,NULL,NULL,NULL,1,1,1,3,'2008-05-18 22:18:27',NULL,'2006-01-02 00:00:00',0,NULL);

INSERT INTO `t_user` (`USER_ID`, `USER_NAME`, `USER_PASSWORD`, `USER_DISPLAY_NAME`,`USER_ROLE`, `USER_PHOTO`, `USER_EMAIL`, `USER_MSN`, `USER_SKYPE`, `ACCOUNT_NON_EXPIRED`, `ACCOUNT_NON_LOCKED`, `CREDENTIALS_NON_EXPIRED`, `INPUT_USER_ID`, `INPUT_DATETIME`, `UPDATE_USER_ID`, `UPDATE_DATETIME`, `DELETED_FLAG`, `USER_DESC`) 
values(4,'W','3333','白起',2,NULL,NULL,NULL,NULL,1,1,1,3,'2008-05-18 22:18:27',NULL,'2006-01-02 00:00:00',0,NULL);
INSERT INTO `t_user` ( `USER_NAME`, `USER_PASSWORD`, `USER_DISPLAY_NAME`,`USER_ROLE`, `USER_PHOTO`, `USER_EMAIL`, `USER_MSN`, `USER_SKYPE`, `ACCOUNT_NON_EXPIRED`, `ACCOUNT_NON_LOCKED`, `CREDENTIALS_NON_EXPIRED`, `INPUT_USER_ID`, `INPUT_DATETIME`, `UPDATE_USER_ID`, `UPDATE_DATETIME`, `DELETED_FLAG`, `USER_DESC`)
values( 'TEST','3333','测试号',2,NULL,NULL,NULL,NULL,1,1,1,3,'2008-05-18 22:18:27',NULL,'2006-01-02 00:00:00',0,NULL);

-- 修改 soldier_source 表
SELECT * FROM `t_user` FOR update;
SELECT MAX(USER_ID)+1 AS NEW_ID FROM `t_user` FOR update;
SELECT * FROM T_NO_GENERATOR;



DROP TABLE IF EXISTS `t_role`;

CREATE TABLE `t_role` (
  `ROLE_ID` int(4) NOT NULL auto_increment,
  `ROLE_NAME` varchar(150) default 'UNKNOWN',
  `INPUT_DATE` timestamp NOT NULL default CURRENT_TIMESTAMP on update CURRENT_TIMESTAMP,
  `UPDATE_DATE` timestamp NOT NULL default '0000-00-00 00:00:00',
  `DELETED_FLAG` int(4) NOT NULL default '0',
  PRIMARY KEY  (`ROLE_ID`)
) ENGINE=InnoDB DEFAULT CHARSET=gb2312;

#
# Data for the `t_role` table  (LIMIT 0,500)
#

INSERT INTO `t_role` (`ROLE_ID`, `ROLE_NAME`, `INPUT_DATE`, `UPDATE_DATE`, `DELETED_FLAG`) VALUES
  (1,'系统管理员','2008-07-17 22:43:56','2007-04-22 00:00:09',0),
  (2,'会员','2007-04-22 22:44:13','2007-04-23 00:00:00',0),
  (3,'游客','2007-04-22 22:44:29','2007-04-19 00:00:00',0),
  (4,'未知用户','2007-06-06 00:00:00','2007-06-06 00:00:00',0);

SELECT * FROM `t_role`;
SELECT * FROM `t_user`;



DROP TABLE IF EXISTS `t_no_generator`;

CREATE TABLE `t_no_generator` (
  `NO_TYPE` varchar(4) NOT NULL,
  `NO_COUNT` int(10) DEFAULT NULL,
  `ACTIVE_FLAG` int(1) DEFAULT NULL,
  `INPUT_DATE` timestamp NULL DEFAULT NULL,
  `UPDATE_DATE` timestamp NOT NULL DEFAULT CURRENT_TIMESTAMP ON UPDATE CURRENT_TIMESTAMP,
  PRIMARY KEY (`NO_TYPE`)
) ENGINE=InnoDB DEFAULT CHARSET=gb2312 


SELECT * FROM t_no_generator ;
INSERT INTO `t_no_generator` VALUES
('LGIN',1,1,CURRENT_TIMESTAMP,CURRENT_TIMESTAMP);


show processlist;
















